Date,Open,High,Low,Close,Adj Close
2023-12-29,10356.09,10368,10289.35,10327.83,10327.83
2023-12-28,10363.28,10377.97,10351.71,10356.59,10356.59
2023-12-27,10333.99,10359.65,10324.51,10351.6,10351.6
2023-12-26,10301.59,10357.22,10300.69,10335.98,10335.98
2023-12-22,10290.83,10331.81,10253.9,10292.37,10292.37
2023-12-21,10226.69,10279.34,10192.2,10275.3,10275.3
2023-12-20,10314.19,10342.88,10169.4,10170.51,10170.51
2023-12-19,10267.53,10321.36,10267.53,10320.86,10320.86
2023-12-18,10227.44,10279.14,10227.44,10259.85,10259.85
2023-12-15,10202.74,10226.93,10182.14,10213.48,10213.48
2023-12-14,10216.92,10254.63,10159.2,10213.69,10213.69
2023-12-13,10052.65,10189.74,10046.28,10184.38,10184.38
2023-12-12,9992.09,10047.54,9970.11,10047.04,10047.04
2023-12-11,9937.79,10003.16,9937.79,10000.64,10000.64
2023-12-08,9900.56,9971.96,9897.61,9961.5,9961.5
2023-12-07,9884.42,9932.07,9876.58,9920.64,9920.64
2023-12-06,9920.44,9930.07,9834.66,9840.65,9840.65
2023-12-05,9857.49,9903.55,9845.6,9878.97,9878.97
2023-12-04,9872.46,9889.49,9834.35,9884.17,9884.17
2023-12-01,9861.75,9948.09,9851.55,9937.89,9937.89
2023-11-30,9851.06,9883.54,9813.05,9879.02,9879.02
2023-11-29,9884.77,9918.91,9831.44,9838.82,9838.82
2023-11-28,9826.24,9875.08,9815.34,9846.43,9846.43
2023-11-27,9846.33,9858.43,9828.08,9836.75,9836.75
2023-11-24,9848.29,9857.1,9841.72,9855.84,9855.84
2023-11-22,9842,9874.74,9824.73,9849.74,9849.74
2023-11-21,9810.65,9817.55,9782.61,9809.39,9809.39
2023-11-20,9751.91,9850.03,9749.06,9829.02,9829.02
2023-11-17,9746.26,9769.1,9725.35,9755.92,9755.92
2023-11-16,9719.1,9750.6,9699.29,9743.22,9743.22
2023-11-15,9734.53,9768.65,9713,9729.31,9729.31
2023-11-14,9632.67,9740,9632.67,9712.01,9712.01
2023-11-13,9517.68,9550.21,9490.09,9528.25,9528.25
2023-11-10,9425.29,9541.64,9402.13,9535.63,9535.63
2023-11-09,9482.7,9485.58,9380.39,9387.59,9387.59
2023-11-08,9465.68,9480.43,9413.01,9462.25,9462.25
2023-11-07,9426.01,9469.29,9403.19,9452.28,9452.28
2023-11-06,9421.65,9438.47,9385.89,9425.34,9425.34
2023-11-03,9356.51,9441.52,9356.51,9408.56,9408.56
2023-11-02,9213.7,9324.75,9213.7,9320.56,9320.56
2023-11-01,9068.49,9163.86,9060.87,9147.45,9147.45
2023-10-31,9003.82,9056.04,8964.5,9052.31,9052.31
2023-10-30,8934.28,9016.29,8920.36,8993.46,8993.46
2023-10-27,8962.67,8970.75,8857.03,8885.94,8885.94
2023-10-26,9012.27,9028.49,8908.49,8928.63,8928.63
2023-10-25,9133.93,9133.93,9023.99,9035.4,9035.4
2023-10-24,9141.15,9191.66,9105.95,9166.8,9166.8
2023-10-23,9086.14,9184.21,9040.45,9100.49,9100.49
2023-10-20,9223.08,9228.17,9113.96,9115.84,9115.84
2023-10-19,9325.29,9364.47,9213.82,9231.73,9231.73
2023-10-18,9402.17,9416.88,9286.85,9309.92,9309.92
2023-10-17,9376.01,9480.31,9359.9,9436.36,9436.36
2023-10-16,9369.85,9458.22,9369.85,9437.31,9437.31
2023-10-13,9408.66,9444.49,9304.14,9338.09,9338.09
2023-10-12,9452.76,9463.36,9333.01,9385.16,9385.16
2023-10-11,9420.79,9446.49,9375.05,9443.13,9443.13
2023-10-10,9362.43,9460.78,9362.26,9402.31,9402.31
2023-10-09,9252.8,9366.44,9241.65,9353.41,9353.41
2023-10-06,9135.83,9328.22,9103.3,9294.82,9294.82
2023-10-05,9187.24,9203.9,9115.37,9184.81,9184.81
2023-10-04,9130.62,9205.37,9102.08,9195.14,9195.14
2023-10-03,9208.03,9232.15,9093.28,9121.14,9121.14
2023-10-02,9239.16,9273.38,9187.22,9247.51,9247.51
2023-09-29,9333.26,9343.39,9218.38,9246.74,9246.74
2023-09-28,9206.76,9309.17,9195.61,9271.55,9271.55
2023-09-27,9233.53,9253.89,9138.74,9216.02,9216.02
2023-09-26,9298.56,9298.84,9197.58,9213.72,9213.72
2023-09-25,9293.07,9352.8,9276.72,9350.9,9350.9
2023-09-22,9360.05,9393.7,9305.67,9313.3,9313.3
2023-09-21,9430.2,9432.86,9333.17,9334.59,9334.59
2023-09-20,9599.01,9616.41,9488.48,9489.92,9489.92
2023-09-19,9582.41,9590.62,9520.38,9579.27,9579.27
2023-09-18,9581.82,9627.56,9575.37,9599.93,9599.93
2023-09-15,9695.61,9695.61,9586.27,9592.86,9592.86
2023-09-14,9673.23,9725.39,9653.9,9710.54,9710.54
2023-09-13,9616.35,9652.29,9596.67,9626.68,9626.68
2023-09-12,9639.15,9668.79,9603.79,9614.66,9614.66
2023-09-11,9655.38,9676.48,9627.38,9669.36,9669.36
2023-09-08,9591.44,9639.11,9585.23,9604.77,9604.77
2023-09-07,9554.67,9604.12,9546.3,9590.4,9590.4
2023-09-06,9673.55,9673.55,9570.21,9619.98,9619.98
2023-09-05,9715.75,9724.64,9685.5,9687.26,9687.26
2023-09-01,9759.6,9782.23,9696.71,9727.64,9727.64
2023-08-31,9729.81,9762.66,9709.17,9709.68,9709.68
2023-08-30,9691.68,9737.5,9677.15,9722.96,9722.96
2023-08-29,9544.53,9689.41,9543.2,9684.22,9684.22
2023-08-28,9529.77,9557.82,9506.36,9545.44,9545.44
2023-08-25,9450.75,9512.94,9379.77,9485.89,9485.89
2023-08-24,9591.21,9597.8,9420.79,9421.47,9421.47
2023-08-23,9464.53,9565.17,9464.53,9549.73,9549.73
2023-08-22,9505.04,9511.51,9435.11,9445.22,9445.22
2023-08-21,9429.43,9487.59,9386.44,9471.39,9471.39
2023-08-18,9353.05,9432.46,9333.96,9406.5,9406.5
2023-08-17,9506.18,9516.6,9395.62,9407.27,9407.27
2023-08-16,9541.93,9576.69,9477.74,9478.54,9478.54
2023-08-15,9637.39,9637.39,9536.98,9549.17,9549.17
2023-08-14,9591.31,9659.95,9581.21,9659.26,9659.26
2023-08-11,9574.69,9629.04,9560.83,9603.45,9603.45
2023-08-10,9651.77,9736.95,9588.88,9612.36,9612.36
2023-08-09,9681.54,9682.45,9595.44,9608.73,9608.73
2023-08-08,9673.1,9684.41,9600.93,9676,9676
2023-08-07,9659.14,9719.84,9658.22,9716.91,9716.91
2023-08-04,9707.01,9763.65,9622.75,9629.77,9629.77
2023-08-03,9663.99,9718,9645.36,9680.36,9680.36
2023-08-02,9785.33,9785.33,9688.79,9704.63,9704.63
2023-08-01,9845.22,9857.56,9821.14,9840.71,9840.71
2023-07-31,9857.87,9878.08,9832.82,9866.77,9866.77
2023-07-28,9816.58,9869.01,9812.91,9852.01,9852.01
2023-07-27,9885.51,9904.29,9736.66,9754.72,9754.72
2023-07-26,9800.35,9850.08,9776.2,9817.11,9817.11
2023-07-25,9792.12,9846.77,9786.23,9818.49,9818.49
2023-07-24,9766.57,9809.6,9762.54,9790.76,9790.76
2023-07-21,9780.98,9791.34,9750.34,9751.26,9751.26
2023-07-20,9790.04,9811.92,9732.84,9748.1,9748.1
2023-07-19,9809.48,9839.05,9795.75,9813.46,9813.46
2023-07-18,9718.86,9805.91,9704.05,9790.2,9790.2
2023-07-17,9691.08,9742.65,9683.01,9721.03,9721.03
2023-07-14,9703.44,9731.66,9671.32,9683.69,9683.69
2023-07-13,9653.45,9708.93,9648.94,9693.3,9693.3
2023-07-12,9601.27,9645.29,9591.99,9610.87,9610.87
2023-07-11,9489,9549.1,9474.11,9539.95,9539.95
2023-07-10,9443.04,9482.3,9434.02,9475.9,9475.9
2023-07-07,9465.11,9542.1,9449.77,9453.1,9453.1
2023-07-06,9502.42,9502.42,9421.74,9478.73,9478.73
2023-07-05,9543.41,9569.24,9532.73,9553.69,9553.69
2023-07-03,9560.37,9572.95,9542.76,9571.35,9571.35
2023-06-30,9499.66,9577.07,9499.66,9559.67,9559.67
2023-06-29,9397.29,9447.54,9391.26,9443.46,9443.46
2023-06-28,9380.14,9429.07,9364.95,9400.3,9400.3
2023-06-27,9315.47,9416.53,9310.4,9403.62,9403.62
2023-06-26,9331.52,9368.51,9295.73,9297.12,9297.12
2023-06-23,9351.37,9377.85,9324.09,9338.84,9338.84
2023-06-22,9353.95,9411.56,9346.65,9410.83,9410.83
2023-06-21,9405.96,9419.18,9363.29,9375.21,9375.21
2023-06-20,9439.91,9448.52,9378.63,9424.02,9424.02
2023-06-16,9536.14,9549.2,9464.85,9468.81,9468.81
2023-06-15,9373.61,9531.96,9368.58,9503.53,9503.53
2023-06-14,9374.02,9428.71,9313.27,9387.54,9387.54
2023-06-13,9342.46,9391.15,9335.45,9377.65,9377.65
2023-06-12,9247.01,9314.95,9238.64,9312.72,9312.72
2023-06-09,9239.63,9277.62,9211.53,9226.7,9226.7
2023-06-08,9161.71,9224.04,9145.35,9215.86,9215.86
2023-06-07,9196.66,9226.09,9150.59,9158.14,9158.14
2023-06-06,9166.08,9202.45,9148.44,9192.91,9192.91
2023-06-05,9190.82,9225.7,9156.32,9171.09,9171.09
2023-06-02,9100.6,9207,9100.6,9189.34,9189.34
2023-06-01,8975.67,9081.4,8951.25,9057.17,9057.17
2023-05-31,8990.57,9000.53,8937.83,8967.16,8967.16
2023-05-30,9065.83,9075.07,8991.85,9020.39,9020.39
2023-05-26,8913.93,9035.18,8913.93,9019.64,9019.64
2023-05-25,8912.35,8933.73,8856.82,8902.84,8902.84
2023-05-24,8863.27,8863.27,8801.38,8825.26,8825.26
2023-05-23,8957.13,8976.15,8883.72,8890.16,8890.16
2023-05-22,8986.91,9025.98,8963.5,8990.89,8990.89
2023-05-19,9014.55,9033.26,8963.2,8988.46,8988.46
2023-05-18,8914.71,9009.97,8905.93,9001.25,9001.25
2023-05-17,8838.43,8928.07,8818.65,8915.43,8915.43
2023-05-16,8847.64,8863.8,8808.88,8808.95,8808.95
2023-05-15,8844.39,8875.66,8809.43,8865.03,8865.03
2023-05-12,8868.66,8879.79,8784.48,8837.68,8837.68
2023-05-11,8853.16,8854.35,8804.17,8849.69,8849.69
2023-05-10,8875.92,8898.17,8780.13,8862.85,8862.85
2023-05-09,8833.92,8846.82,8817.85,8823.05,8823.05
2023-05-08,8860.56,8871.81,8832.5,8863.01,8863.01
2023-05-05,8748.52,8881.91,8748.52,8858.86,8858.86
2023-05-04,8743.36,8743.49,8670.07,8697.68,8697.68
2023-05-03,8827.4,8882.12,8755.91,8759.95,8759.95
2023-05-02,8916.93,8916.93,8758.01,8821.59,8821.59
2023-05-01,8922.62,8965.5,8917.07,8924.92,8924.92
2023-04-28,8842.32,8929.38,8837.96,8928.35,8928.35
2023-04-27,8725.73,8860.49,8725.73,8854.32,8854.32
2023-04-26,8752.27,8756.11,8670.05,8684.19,8684.19
2023-04-25,8834.96,8834.96,8717.45,8717.63,8717.63
2023-04-24,8846.65,8868.67,8816.14,8857.3,8857.3
2023-04-21,8846.81,8859.38,8807.75,8849.76,8849.76
2023-04-20,8843.09,8881.72,8809.03,8841.62,8841.62
2023-04-19,8861.08,8910.29,8850.91,8893.6,8893.6
2023-04-18,8914.46,8925.5,8863.48,8894.35,8894.35
2023-04-17,8856.45,8887.25,8826.8,8886.76,8886.76
2023-04-14,8862.6,8911.92,8804.99,8857.31,8857.31
2023-04-13,8776.82,8884.08,8775.55,8875.65,8875.65
2023-04-12,8821.82,8848.74,8747.48,8758.11,8758.11
2023-04-11,8797.17,8827.07,8780.74,8794.29,8794.29
2023-04-10,8743.48,8794.85,8716.47,8794.65,8794.65
2023-04-06,8734.62,8790.63,8710.43,8785.7,8785.7
2023-04-05,8761.38,8772.27,8714.42,8752.54,8752.54
2023-04-04,8831.98,8842.79,8743.95,8773.31,8773.31
2023-04-03,8775.93,8830.13,8769.01,8823.66,8823.66
2023-03-31,8677.48,8794.21,8677.48,8791.13,8791.13
2023-03-30,8656.96,8680.26,8625.74,8665.7,8665.7
2023-03-29,8554.79,8621.14,8554.79,8615.29,8615.29
2023-03-28,8500.47,8511.14,8452.25,8494.35,8494.35
2023-03-27,8519.09,8563.8,8492.86,8507.54,8507.54
2023-03-24,8425.57,8497.13,8361.96,8493.55,8493.55
2023-03-23,8468.3,8571.84,8382.41,8445.87,8445.87
2023-03-22,8559.17,8638.92,8418.94,8420.02,8420.02
2023-03-21,8502.61,8573.55,8492.92,8560.31,8560.31
2023-03-20,8377.06,8460.76,8375.81,8449.98,8449.98
2023-03-17,8465.14,8465.14,8342.44,8375.21,8375.21
2023-03-16,8294.4,8476.81,8263.13,8468.33,8468.33
2023-03-15,8288.5,8325.91,8206.36,8320.96,8320.96
2023-03-14,8325.14,8417.64,8281.61,8379.16,8379.16
2023-03-13,8197.26,8345.9,8141.26,8241.39,8241.39
2023-03-10,8363.03,8408.51,8221.43,8253.65,8253.65
2023-03-09,8545.91,8586.83,8354.35,8374.25,8374.25
2023-03-08,8520.79,8548,8483.23,8530.33,8530.33
2023-03-07,8649.77,8653.08,8504.65,8517.54,8517.54
2023-03-06,8664.26,8714.12,8641.77,8649.88,8649.88
2023-03-03,8541.9,8649.27,8537.34,8643.61,8643.61
2023-03-02,8414.4,8525.82,8392.18,8505.55,8505.55
2023-03-01,8465.77,8483.64,8414.22,8440.25,8440.25
2023-02-28,8494.82,8538.21,8477.31,8479.8,8479.8
2023-02-27,8526.38,8580.97,8486.35,8504.76,8504.76
2023-02-24,8484.5,8495.2,8420.19,8477.66,8477.66
2023-02-23,8580.98,8601.68,8476.21,8567.57,8567.57
2023-02-22,8544.46,8577.09,8491.41,8521.45,8521.45
2023-02-21,8652.19,8652.19,8530.5,8534.73,8534.73
2023-02-17,8705.57,8714.37,8642.77,8709.21,8709.21
2023-02-16,8783.7,8830.08,8729.79,8731.75,8731.75
2023-02-15,8793.05,8853.74,8760.19,8853.02,8853.02
2023-02-14,8806.19,8876.21,8738.57,8826.32,8826.32
2023-02-13,8740.95,8831.13,8732.54,8827.72,8827.72
2023-02-10,8680.51,8734.75,8663.67,8726.47,8726.47
2023-02-09,8839.38,8864.32,8680.36,8705.58,8705.58
2023-02-08,8857.72,8864.85,8768.64,8781.79,8781.79
2023-02-07,8754.84,8906.55,8719,8879.91,8879.91
2023-02-06,8785,8795.56,8729.78,8766.9,8766.9
2023-02-03,8820.9,8918.01,8792.57,8820.47,8820.47
2023-02-02,8867.41,8945.67,8831.59,8912.35,8912.35
2023-02-01,8678.01,8845.44,8610.12,8782.77,8782.77
2023-01-31,8573,8692.54,8573,8691.88,8691.88
2023-01-30,8633.43,8664.08,8561.61,8566.28,8566.28
2023-01-27,8642.11,8728.1,8631.41,8678.01,8678.01
2023-01-26,8604.37,8658.7,8555.87,8656.26,8656.26
2023-01-25,8489.97,8568.15,8418.66,8561.4,8561.4
2023-01-24,8530.45,8577.64,8504.98,8562.87,8562.87
2023-01-23,8479.93,8610.19,8467.03,8568.77,8568.77
2023-01-20,8332.64,8468.72,8308.93,8468.15,8468.15
2023-01-19,8338.42,8362.07,8282.44,8310.75,8310.75
2023-01-18,8530.07,8555.14,8369.1,8373.66,8373.66
2023-01-17,8523.75,8557.82,8492.45,8506.03,8506.03
2023-01-13,8441.28,8533.67,8414.82,8523.32,8523.32
2023-01-12,8477.16,8519.97,8392.21,8489.08,8489.08
2023-01-11,8379.77,8459.75,8372.39,8459.18,8459.18
2023-01-10,8286.29,8352.9,8262.26,8351.68,8351.68
2023-01-09,8333.71,8418.27,8290.33,8293.8,8293.8
2023-01-06,8145.84,8322.29,8117.02,8298.61,8298.61
2023-01-05,8180.54,8180.54,8101.11,8113.15,8113.15
2023-01-04,8180.57,8249.83,8129.63,8207.42,8207.42
2023-01-03,8207.69,8260.15,8082.33,8145.6,8145.6
2022-12-30,8155.8,8178.43,8094.62,8178.02,8178.02
2022-12-29,8105,8217.23,8105,8198.36,8198.36
2022-12-28,8155.29,8195.15,8052.17,8056.62,8056.62
2022-12-27,8184.57,8191.44,8120.49,8154.57,8154.57
2022-12-23,8123.81,8189.17,8085.5,8187.06,8187.06
2022-12-22,8204.8,8204.8,8015.83,8139.07,8139.07
2022-12-21,8175.51,8282.66,8175.51,8258.43,8258.43
2022-12-20,8112.55,8171.48,8081.15,8136.3,8136.3
2022-12-19,8204.48,8206.76,8090.05,8127.57,8127.57
2022-12-16,8282.96,8282.96,8148.84,8200.9,8200.9
2022-12-15,8425.91,8425.91,8257.95,8292.64,8292.64
2022-12-14,8547.01,8626.81,8440.84,8503.97,8503.97
2022-12-13,8659.91,8727.13,8498.02,8554.1,8554.1
2022-12-12,8382.76,8491.94,8374.48,8491.86,8491.86
2022-12-09,8414.39,8463,8369.61,8372.26,8372.26
2022-12-08,8400.46,8456.48,8375.12,8433.9,8433.9
2022-12-07,8368.36,8420.06,8345.89,8369.74,8369.74
2022-12-06,8504.08,8512.79,8336.63,8385.16,8385.16
2022-12-05,8620.33,8621.24,8477.14,8507.34,8507.34
2022-12-02,8594.2,8680.81,8568.1,8662.23,8662.23
2022-12-01,8693.84,8720.33,8617.47,8671.9,8671.9
2022-11-30,8417.59,8678,8377.15,8678,8678
2022-11-29,8428.04,8455.16,8373.29,8415.27,8415.27
2022-11-28,8516.51,8530.3,8410.66,8427.95,8427.95
2022-11-25,8554.64,8576.7,8549.11,8560.09,8560.09
2022-11-23,8504.95,8576.14,8501.69,8562.27,8562.27
2022-11-22,8429.78,8515.62,8412.51,8511.48,8511.48
2022-11-21,8411.08,8422.88,8362,8397.23,8397.23
2022-11-18,8433.98,8459.48,8366.68,8429.01,8429.01
2022-11-17,8328.98,8405.31,8303.8,8388.84,8388.84
2022-11-16,8450.33,8464.32,8403.63,8413.09,8413.09
2022-11-15,8514.13,8559.97,8399.27,8481.14,8481.14
2022-11-14,8449.79,8516.99,8406.61,8407.25,8407.25
2022-11-11,8418.27,8499.23,8378.95,8481.13,8481.13
2022-11-10,8198.25,8407.49,8198.25,8403.48,8403.48
2022-11-09,8094.56,8109.03,7952.46,7961.52,7961.52
2022-11-08,8103.98,8195.13,8039.98,8128.7,8128.7
2022-11-07,8028.35,8098.47,7994.17,8083.38,8083.38
2022-11-04,8000.78,8061,7875.29,8006.24,8006.24
2022-11-03,7921.59,7961.81,7851.83,7897.01,7897.01
2022-11-02,8175.6,8264.31,7979.18,7980.47,7980.47
2022-11-01,8279.94,8302.95,8158.97,8185.07,8185.07
2022-10-31,8238.9,8264.85,8200.16,8218.7,8218.7
2022-10-28,8082.98,8288.85,8082.98,8280.11,8280.11
2022-10-27,8138.79,8190.47,8072.87,8080.32,8080.32
2022-10-26,8121.54,8247.04,8116.51,8129.62,8129.62
2022-10-25,8062.52,8197.9,8062.52,8190.02,8190.02
2022-10-24,7986.87,8087.32,7940.72,8058.88,8058.88
2022-10-21,7760.01,7975.14,7742.03,7964.25,7964.25
2022-10-20,7830.55,7927.78,7759.8,7779.53,7779.53
2022-10-19,7857.87,7911.81,7780.98,7840.99,7840.99
2022-10-18,7950.47,7984.09,7823.07,7893.68,7893.68
2022-10-17,7720.89,7828.6,7720.89,7804.33,7804.33
2022-10-14,7831.07,7876.26,7596.06,7602.99,7602.99
2022-10-13,7467.18,7819.86,7408.63,7786.96,7786.96
2022-10-12,7620.99,7655.33,7582.17,7588.9,7588.9
2022-10-11,7627.83,7723.53,7570.49,7613.75,7613.75
2022-10-10,7738.07,7747.28,7612.23,7663.58,7663.58
2022-10-07,7864.44,7864.44,7681.27,7721.44,7721.44
2022-10-06,8000.91,8056.42,7932.72,7943.63,7943.63
2022-10-05,7961.36,8073.12,7895.33,8023.81,8023.81
2022-10-04,7902.54,8040.96,7902.54,8039.25,8039.25
2022-10-03,7655.14,7842.09,7644.64,7800,7800
2022-09-30,7706.03,7785.06,7599.97,7603.14,7603.14
2022-09-29,7818.06,7818.06,7655.44,7719.09,7719.09
2022-09-28,7743.86,7921.57,7718.27,7884.55,7884.55
2022-09-27,7814.29,7880.88,7681.39,7731.99,7731.99
2022-09-26,7804.97,7876.15,7726.13,7747.93,7747.93
2022-09-23,7903.14,7903.14,7732.03,7828.87,7828.87
2022-09-22,8018.1,8035.72,7947.88,7965.96,7965.96
2022-09-21,8205.45,8280.9,8032.73,8033.29,8033.29
2022-09-20,8213.15,8214.86,8112.49,8172.64,8172.64
2022-09-19,8156.29,8266.83,8135.96,8265.73,8265.73
2022-09-16,8227.03,8227.03,8132.96,8209.35,8209.35
2022-09-15,8335.05,8390.61,8241.29,8268.6,8268.6
2022-09-14,8351.34,8394.52,8290.88,8362.4,8362.4
2022-09-13,8554.17,8554.17,8307.72,8331.9,8331.9
2022-09-12,8652.12,8726.87,8651.53,8708.17,8708.17
2022-09-09,8523.74,8636.85,8522.87,8616.98,8616.98
2022-09-08,8390.7,8494.97,8356.98,8486.63,8486.63
2022-09-07,8280.45,8446.77,8273.67,8429.87,8429.87
2022-09-06,8327.69,8350.58,8232.41,8277.81,8277.81
2022-09-02,8464.18,8510.73,8273.24,8311.42,8311.42
2022-09-01,8336.93,8408.12,8267.31,8400.96,8400.96
2022-08-31,8472.5,8502.23,8374.09,8374.42,8374.42
2022-08-30,8555.3,8562.94,8394.34,8438.69,8438.69
2022-08-29,8542.08,8600.42,8504.41,8532.1,8532.1
2022-08-26,8887.29,8896.67,8588.95,8588.95,8588.95
2022-08-25,8792.77,8890.09,8779.37,8888.13,8888.13
2022-08-24,8735.91,8797.75,8720.4,8764.42,8764.42
2022-08-23,8747.63,8804.32,8728.82,8738.76,8738.76
2022-08-22,8879.36,8879.36,8741.17,8758.24,8758.24
2022-08-19,9027.95,9028.89,8928.27,8948.82,8948.82
2022-08-18,9043.71,9084,9019.63,9065.49,9065.49
2022-08-17,9056.87,9103.05,8999.43,9043.59,9043.59
2022-08-16,9075.48,9150.34,9050.09,9107.87,9107.87
2022-08-15,9031.6,9099.41,9006.19,9090.36,9090.36
2022-08-12,8936.97,9054.82,8926.64,9054.14,9054.14
2022-08-11,8943.62,9005.9,8886.71,8898.84,8898.84
2022-08-10,8841.28,8904.17,8833.28,8902.72,8902.72
2022-08-09,8739.85,8747.6,8695.15,8716.75,8716.75
2022-08-08,8788.08,8851.84,8730.01,8753.39,8753.39
2022-08-05,8700.9,8777.46,8686.15,8764.08,8764.08
2022-08-04,8783.78,8796.97,8742.29,8777.23,8777.23
2022-08-03,8683.8,8809.32,8683.49,8783.28,8783.28
2022-08-02,8675.45,8752.09,8624.41,8647.91,8647.91
2022-08-01,8690.26,8761.38,8658.18,8705.87,8705.87
2022-07-29,8639.46,8751.16,8623.8,8730.46,8730.46
2022-07-28,8510.34,8620.96,8439.85,8607.24,8607.24
2022-07-27,8348.86,8536.72,8348.86,8503.02,8503.02
2022-07-26,8354.79,8354.79,8264.48,8286.19,8286.19
2022-07-25,8380.17,8400.62,8333.77,8382.88,8382.88
2022-07-22,8450.09,8478.92,8323.81,8371.87,8371.87
2022-07-21,8356.48,8451.12,8300.08,8450.64,8450.64
2022-07-20,8316.21,8397.34,8288.03,8367.37,8367.37
2022-07-19,8158.4,8323.77,8157.71,8318.2,8318.2
2022-07-18,8206.59,8244.61,8068.41,8094.23,8094.23
2022-07-15,8072.11,8163.46,8065.67,8162.5,8162.5
2022-07-14,7954.81,8021.34,7863.55,8008.71,8008.71
2022-07-13,7985.56,8089.16,7941.93,8031.76,8031.76
2022-07-12,8137.08,8181.61,8032.85,8067.56,8067.56
2022-07-11,8198.17,8198.68,8127.63,8142.68,8142.68
2022-07-08,8213.73,8277.83,8174.25,8237.5,8237.5
2022-07-07,8150.83,8260.61,8150.83,8243.69,8243.69
2022-07-06,8093.21,8175.74,8046.42,8121.21,8121.21
2022-07-05,8010.18,8093.18,7903.52,8092.15,8092.15
2022-07-01,7984.46,8087.38,7924.11,8077.89,8077.89
2022-06-30,7995.38,8064.35,7895.39,7993.43,7993.43
2022-06-29,8075.05,8100.02,8021.24,8062.72,8062.72
2022-06-28,8261.4,8329.41,8064.66,8067.56,8067.56
2022-06-27,8276.66,8290.48,8211.67,8233.42,8233.42
2022-06-24,8067.68,8260.71,8067.68,8257.72,8257.72
2022-06-23,7968.95,8026.83,7902.82,8012.68,8012.68
2022-06-22,7882.8,8024.98,7847.9,7936.67,7936.67
2022-06-21,7843.33,7978.16,7842.46,7946.89,7946.89
2022-06-17,7736.74,7824.85,7676.8,7756.59,7756.59
2022-06-16,7869.27,7869.27,7682.41,7739.39,7739.39
2022-06-15,7943.83,8099.01,7855.77,7998.62,7998.62
2022-06-14,7941.61,7972.48,7820.58,7883.34,7883.34
2022-06-13,8097.98,8097.98,7878.09,7910.43,7910.43
2022-06-10,8385.94,8385.94,8228.69,8229.43,8229.43
2022-06-09,8654.09,8689.51,8474.79,8475.91,8475.91
2022-06-08,8746.24,8775.06,8663.83,8681.68,8681.68
2022-06-07,8641.58,8784.89,8606.45,8776.09,8776.09
2022-06-06,8721.84,8792.72,8667.34,8693.06,8693.06
2022-06-03,8724.76,8737.79,8645.1,8665.8,8665.8
2022-06-02,8637.31,8810.5,8593.14,8809.18,8809.18
2022-06-01,8749.5,8785.3,8590.64,8648.28,8648.28
2022-05-31,8750.82,8788.86,8655.52,8712.6,8712.6
2022-05-27,8596.12,8766.92,8596.12,8766.83,8766.83
2022-05-26,8400.77,8589.42,8399.31,8553.68,8553.68
2022-05-25,8281.32,8429.87,8274.27,8386.62,8386.62
2022-05-24,8311.49,8337.65,8168.57,8307.97,8307.97
2022-05-23,8262.2,8392.95,8239.78,8375.87,8375.87
2022-05-20,8277.96,8310.95,8030.44,8222.31,8222.31
2022-05-19,8217.2,8316.17,8170.67,8220.97,8220.97
2022-05-18,8538.63,8538.63,8245.95,8268.32,8268.32
2022-05-17,8536.69,8618.25,8498.78,8614.31,8614.31
2022-05-16,8454.1,8524.35,8392.95,8443.55,8443.55
2022-05-13,8350.2,8507.96,8350.2,8476.57,8476.57
2022-05-12,8223,8351.14,8128.22,8278.04,8278.04
2022-05-11,8401.4,8525.26,8272.42,8285.82,8285.82
2022-05-10,8496.04,8565.3,8334.14,8424.2,8424.2
2022-05-09,8593.05,8593.05,8370.88,8403.5,8403.5
2022-05-06,8691.14,8752.97,8564.3,8680.97,8680.97
2022-05-05,8989.28,8989.28,8643.29,8729.21,8729.21
2022-05-04,8800.46,9066.51,8732.67,9050.9,9050.9
2022-05-03,8755.32,8839.96,8729.02,8788.36,8788.36
2022-05-02,8693.93,8776.43,8550.83,8746.05,8746.05
2022-04-29,8953.04,8986.5,8680.71,8696.65,8696.65
2022-04-28,8886.8,9067.34,8815.99,9023.42,9023.42
2022-04-27,8810.4,8924.25,8761.2,8805,8805
2022-04-26,9003.1,9003.1,8786.4,8786.47,8786.47
2022-04-25,8955.04,9046.46,8840.41,9040.86,9040.86
2022-04-22,9229.52,9229.52,8981.6,8989.51,8989.51
2022-04-21,9446.82,9496.55,9226.91,9245.86,9245.86
2022-04-20,9410.49,9444.06,9361.27,9383.54,9383.54
2022-04-19,9238.6,9407.77,9238.6,9389.21,9389.21
2022-04-18,9227.93,9279.87,9195.97,9240.69,9240.69
2022-04-14,9361.53,9384.94,9238.99,9242.58,9242.58
2022-04-13,9246.21,9371.63,9243.94,9356.21,9356.21
2022-04-12,9335.52,9404.96,9217.86,9251.07,9251.07
2022-04-11,9387.89,9391.48,9273.87,9282.48,9282.48
2022-04-08,9454.18,9509.41,9413.65,9441.84,9441.84
2022-04-07,9412.99,9510.58,9361.95,9466.76,9466.76
2022-04-06,9452.87,9473.42,9360.23,9425.49,9425.49
2022-04-05,9617.48,9661.63,9494.91,9517.94,9517.94
2022-04-04,9564.47,9639.14,9546.38,9637.37,9637.37
2022-04-01,9548.31,9565.83,9479.45,9559.95,9559.95
2022-03-31,9671.74,9680.18,9527.45,9527.46,9527.46
2022-03-30,9724.03,9731.16,9633.88,9678.3,9678.3
2022-03-29,9678.15,9750.44,9650.41,9738.6,9738.6
2022-03-28,9548.27,9620.95,9499.37,9620.66,9620.66
2022-03-25,9510.04,9558.46,9464.22,9552.4,9552.4
2022-03-24,9398.69,9504.7,9388.66,9504.19,9504.19
2022-03-23,9446.48,9463.16,9368.39,9368.98,9368.98
2022-03-22,9395.5,9505.77,9395.5,9484.86,9484.86
2022-03-21,9381.4,9421.46,9301.54,9378.84,9378.84
2022-03-18,9265.18,9386.8,9230.81,9382.43,9382.43
2022-03-17,9134.27,9274.21,9114.38,9274.17,9274.17
2022-03-16,9013.97,9162.34,8938.21,9160.51,9160.51
2022-03-15,8804.98,8977.79,8803.38,8959.74,8959.74
2022-03-14,8834.04,8927.8,8747.96,8771.75,8771.75
2022-03-11,8993.39,9017.48,8828.45,8835.4,8835.4
2022-03-10,8936.24,8969.29,8846.43,8950.9,8950.9
2022-03-09,8873.56,9033.47,8873.56,8988.65,8988.65
2022-03-08,8829.25,8985.13,8735.52,8762.11,8762.11
2022-03-07,9090.26,9090.26,8823.5,8825.72,8825.72
2022-03-04,9121.87,9121.87,9001.97,9094.04,9094.04
2022-03-03,9245.58,9277.91,9128.62,9166.13,9166.13
2022-03-02,9079.01,9244.05,9079.01,9213.39,9213.39
2022-03-01,9163.93,9195.42,8988.44,9044.47,9044.47
2022-02-28,9144.86,9217.66,9062.86,9186.37,9186.37
2022-02-25,9026.7,9209.3,9003.59,9207.85,9207.85
2022-02-24,8726.27,9017.3,8639.94,9005.37,9005.37
2022-02-23,9080.71,9115.52,8863.56,8871.95,8871.95
2022-02-22,9097.07,9158.75,8959.46,9038.32,9038.32
2022-02-18,9205.75,9226.43,9085.43,9130.81,9130.81
2022-02-17,9354.45,9354.45,9181.85,9195.35,9195.35
2022-02-16,9352.68,9421.53,9298.03,9393.09,9393.09
2022-02-15,9295.86,9386.9,9295.86,9383.57,9383.57
2022-02-14,9259.81,9288.33,9160.18,9236.86,9236.86
2022-02-11,9455.67,9497.77,9235.65,9271.8,9271.8
2022-02-10,9553.85,9628.53,9410.11,9450.72,9450.72
2022-02-09,9539.55,9629.44,9539.55,9623.84,9623.84
2022-02-08,9397.85,9505.43,9367.39,9484.95,9484.95
2022-02-07,9451.76,9485.55,9380.04,9405.84,9405.84
2022-02-04,9403.37,9522.52,9337.81,9440.58,9440.58
2022-02-03,9512.15,9527.81,9375.78,9390.57,9390.57
2022-02-02,9576.7,9637.31,9530.76,9624.89,9624.89
2022-02-01,9478.4,9543.08,9403.3,9534.95,9534.95
2022-01-31,9294.26,9472.55,9257.74,9469.92,9469.92
2022-01-28,9093.63,9295.43,9002.1,9294.21,9294.21
2022-01-27,9185.6,9286.11,9036.83,9072.24,9072.24
2022-01-26,9243.42,9337.02,9026.7,9120.75,9120.75
2022-01-25,9155.69,9248.57,8989.1,9134.33,9134.33
2022-01-24,9134.01,9261.56,8854.41,9246.84,9246.84
2022-01-21,9375.27,9423.62,9216.12,9221.28,9221.28
2022-01-20,9534.44,9649.12,9389.01,9398.96,9398.96
2022-01-19,9619.02,9667.84,9497.89,9503.14,9503.14
2022-01-18,9711.5,9711.5,9578.47,9595.93,9595.93
2022-01-14,9723.4,9780.23,9674.68,9775.53,9775.53
2022-01-13,9923.6,9945.45,9749.25,9767.35,9767.35
2022-01-12,9912.07,9953.78,9866.34,9907.38,9907.38
2022-01-11,9787.31,9880.62,9722.6,9879.39,9879.39
2022-01-10,9758.38,9795.33,9605.42,9789.72,9789.72
2022-01-07,9847.08,9868.62,9773.9,9803.85,9803.85
2022-01-06,9836.34,9902.52,9791.01,9841.92,9841.92
2022-01-05,10033.87,10053.81,9848.38,9850.7,9850.7
2022-01-04,10067.74,10097.3,10004.61,10044.75,10044.75
2022-01-03,10011.81,10050.55,9970.14,10050.41,10050.41
2021-12-31,10005.61,10029.96,9985.79,9986.7,9986.7
2021-12-30,10044.99,10075.65,10005.82,10012.51,10012.51
2021-12-29,10032.35,10064.4,10010.43,10041.61,10041.61
2021-12-28,10046.67,10070.63,10014.48,10027.53,10027.53
2021-12-27,9917.84,10038.25,9917.84,10037.67,10037.67
2021-12-23,9854.57,9931.33,9854.57,9900.3,9900.3
2021-12-22,9742.12,9840.8,9733.9,9838.9,9838.9
2021-12-21,9625.07,9742.73,9600.52,9738.73,9738.73
2021-12-20,9609.54,9609.54,9490.58,9567.91,9567.91
2021-12-17,9744.76,9774.2,9635.95,9678.03,9678.03
2021-12-16,9883.76,9910.21,9743.39,9778.09,9778.09
2021-12-15,9710.22,9868.89,9657.38,9863.92,9863.92
2021-12-14,9723.7,9760.21,9647.46,9705.06,9705.06
2021-12-13,9863.22,9863.22,9774.32,9776.69,9776.69
2021-12-10,9815.56,9869.7,9779.29,9866.62,9866.62
2021-12-09,9822.49,9831.42,9771.57,9773.19,9773.19
2021-12-08,9821.02,9850.63,9787.08,9842.68,9842.68
2021-12-07,9697.52,9827.28,9697.52,9812.2,9812.2
2021-12-06,9522.37,9656.51,9506.46,9613.02,9613.02
2021-12-03,9608.19,9646.98,9410.82,9501.28,9501.28
2021-12-02,9430.31,9619.96,9430.31,9581.79,9581.79
2021-12-01,9634.11,9738.92,9443.2,9446.21,9446.21
2021-11-30,9711.62,9723.29,9544.47,9558.33,9558.33
2021-11-29,9686.3,9778.71,9679.16,9741.78,9741.78
2021-11-26,9760.75,9760.75,9595.2,9614.25,9614.25
2021-11-24,9783.85,9840.22,9750.71,9837.6,9837.6
2021-11-23,9789.09,9832.07,9735.08,9814.65,9814.65
2021-11-22,9859.07,9925.67,9797.04,9798.29,9798.29
2021-11-19,9850.73,9870.1,9821.25,9828.8,9828.8
2021-11-18,9834.35,9851.25,9776.65,9842.35,9842.35
2021-11-17,9835.11,9835.11,9799.36,9808.27,9808.27
2021-11-16,9787,9861.11,9787,9831.91,9831.91
2021-11-15,9807.11,9823.76,9773.24,9793.53,9793.53
2021-11-12,9735.49,9804.69,9726.29,9793.22,9793.22
2021-11-11,9743.23,9753.17,9720.18,9722.08,9722.08
2021-11-10,9765.96,9796.31,9683.8,9716.72,9716.72
2021-11-09,9841.12,9843.27,9765.26,9795.12,9795.12
2021-11-08,9828.35,9856.42,9813.56,9828.81,9828.81
2021-11-05,9823.6,9863.59,9786.18,9819.98,9819.98
2021-11-04,9746.69,9788.64,9746.29,9782.48,9782.48
2021-11-03,9677.93,9746.13,9658.34,9740.47,9740.47
2021-11-02,9641.76,9687.07,9641.76,9677.95,9677.95
2021-11-01,9636.06,9656.38,9603.77,9642.44,9642.44
2021-10-29,9557.09,9630.58,9547.97,9625.02,9625.02
2021-10-28,9535.06,9607.34,9535.06,9605.23,9605.23
2021-10-27,9570.9,9579.39,9511.23,9511.27,9511.27
2021-10-26,9567.55,9608.79,9548.2,9559.39,9559.39
2021-10-25,9515.26,9554.58,9481.14,9541.99,9541.99
2021-10-22,9499.42,9527.7,9453.2,9496.86,9496.86
2021-10-21,9470.26,9510.33,9459.2,9506.91,9506.91
2021-10-20,9453.23,9487.45,9453.19,9477.82,9477.82
2021-10-19,9396.55,9444.65,9394.67,9443.12,9443.12
2021-10-18,9326.17,9378.35,9292.54,9373.68,9373.68
2021-10-15,9292.67,9351.37,9292.67,9342.15,9342.15
2021-10-14,9165.35,9275.77,9165.35,9272.97,9272.97
2021-10-13,9104.29,9134.46,9045.6,9116.39,9116.39
2021-10-12,9125.63,9139.38,9071.27,9088.73,9088.73
2021-10-11,9161.41,9224.89,9110.39,9110.76,9110.76
2021-10-08,9205.44,9216.65,9163.19,9173.74,9173.74
2021-10-07,9157.69,9254.28,9157.69,9191.19,9191.19
2021-10-06,9021.6,9117.57,8961.01,9113.45,9113.45
2021-10-05,9001.33,9125.19,9001.33,9076.19,9076.19
2021-10-04,9081.66,9095.22,8935.78,8980.64,8980.64
2021-10-01,9014.98,9136.15,8955.17,9098.25,9098.25
2021-09-30,9126.65,9151.44,8993.6,8994.83,8994.83
2021-09-29,9108.78,9157.12,9093.47,9102.62,9102.62
2021-09-28,9227.15,9227.15,9074.93,9087.47,9087.47
2021-09-27,9273.81,9305.39,9261.67,9275.87,9275.87
2021-09-24,9265.08,9317.45,9250.82,9301.49,9301.49
2021-09-23,9199.64,9322,9199.64,9287.8,9287.8
2021-09-22,9117.19,9220.08,9117.19,9176.08,9176.08
2021-09-21,9131.84,9174.47,9076.91,9089.55,9089.55
2021-09-20,9190.93,9190.93,8988.44,9096.52,9096.52
2021-09-17,9330.29,9332.97,9242.69,9253.57,9253.57
2021-09-16,9345.59,9363.7,9276.3,9338.61,9338.61
2021-09-15,9283.5,9365.51,9264.71,9352.83,9352.83
2021-09-14,9349.7,9362.72,9258.68,9273.99,9273.99
2021-09-13,9337.98,9375.32,9277.27,9325.29,9325.29
2021-09-10,9404.89,9432.57,9302.29,9304.03,9304.03
2021-09-09,9417.16,9452.39,9373.45,9375.99,9375.99
2021-09-08,9426.97,9434.42,9376.59,9418.57,9418.57
2021-09-07,9462.72,9462.72,9416.02,9430.68,9430.68
2021-09-03,9456.25,9475.07,9433.05,9462.54,9462.54
2021-09-02,9460.32,9483.83,9439.97,9465.47,9465.47
2021-09-01,9446.98,9464.28,9432.99,9437.15,9437.15
2021-08-31,9448.33,9451.56,9419.41,9433.58,9433.58
2021-08-30,9413.88,9463.03,9413.88,9445.24,9445.24
2021-08-27,9330.6,9412.35,9330.6,9404.15,9404.15
2021-08-26,9371.27,9375.46,9319.65,9321.74,9321.74
2021-08-25,9364.03,9387.43,9354.05,9376,9376
2021-08-24,9351.28,9368.81,9347.14,9355.11,9355.11
2021-08-23,9280.13,9362.63,9280.13,9341.09,9341.09
2021-08-20,9196.46,9266.77,9188.73,9261.31,9261.31
2021-08-19,9137.36,9212.67,9106.7,9186.07,9186.07
2021-08-18,9258.71,9286.43,9168.55,9173.93,9173.93
2021-08-17,9301.11,9301.11,9208.94,9271.83,9271.83
2021-08-16,9299.55,9338.1,9250.38,9337.18,9337.18
2021-08-13,9305.92,9313.11,9297.78,9312.51,9312.51
2021-08-12,9266.45,9299.16,9245.38,9297.2,9297.2
2021-08-11,9255.89,9270.9,9243.97,9267.4,9267.4
2021-08-10,9242.21,9261.78,9230.32,9244.22,9244.22
2021-08-09,9246.33,9249.71,9219.7,9235.05,9235.05
2021-08-06,9227.5,9251.55,9227.5,9243.03,9243.03
2021-08-05,9184.32,9226.89,9184.32,9226.49,9226.49
2021-08-04,9198.44,9198.8,9165.97,9170.76,9170.76
2021-08-03,9149.99,9213.86,9109.06,9213.35,9213.35
2021-08-02,9179.4,9210.19,9133.47,9138.36,9138.36
2021-07-30,9154.92,9190.48,9143.9,9155.21,9155.21
2021-07-29,9171.85,9226.73,9171.85,9204.25,9204.25
2021-07-28,9169.44,9195.31,9141.24,9164.62,9164.62
2021-07-27,9197.33,9197.33,9106.01,9166.27,9166.27
2021-07-26,9183.14,9210.2,9174.58,9209.63,9209.63
2021-07-23,9123.92,9194.38,9123.92,9187.64,9187.64
2021-07-22,9082.04,9099.94,9058.85,9094.95,9094.95
2021-07-21,9018.58,9077.99,9018.58,9075.97,9075.97
2021-07-20,8881.1,9030.29,8875.55,9001.77,9001.77
2021-07-19,8946,8946,8814.47,8867.07,8867.07
2021-07-16,9093.75,9109.09,9000.45,9009.89,9009.89
2021-07-15,9097.06,9097.06,9038.24,9078.33,9078.33
2021-07-14,9119.95,9147.73,9083.08,9107.85,9107.85
2021-07-13,9120.83,9144.3,9091.45,9096.15,9096.15
2021-07-12,9102.8,9131.39,9085.35,9128.22,9128.22
2021-07-09,9013.21,9101.02,9013.21,9096.84,9096.84
2021-07-08,8995.79,9016.18,8929.86,8995.26,8995.26
2021-07-07,9056.32,9078.77,9012.63,9071.14,9071.14
2021-07-06,9067.64,9067.64,8980.05,9040.76,9040.76
2021-07-02,9005.1,9065.09,9005.1,9058.66,9058.66
2021-07-01,8950.11,8990.55,8950.11,8990.08,8990.08
2021-06-30,8928.53,8952.48,8923.52,8942.78,8942.78
2021-06-29,8933.61,8948.72,8920.76,8930.67,8930.67
2021-06-28,8915.53,8930.54,8894.24,8927.4,8927.4
2021-06-25,8893.79,8917.81,8886.97,8906.79,8906.79
2021-06-24,8857.26,8886.95,8857.26,8877.06,8877.06
2021-06-23,8840.48,8855.62,8824.46,8825.01,8825.01
2021-06-22,8789.16,8854.11,8774.33,8834.56,8834.56
2021-06-21,8682.61,8792.48,8682.61,8789.52,8789.52
2021-06-18,8747.5,8747.5,8663.78,8667.76,8667.76
2021-06-17,8779.49,8803.68,8728.9,8782.58,8782.58
2021-06-16,8838.52,8844.7,8742.17,8786.18,8786.18
2021-06-15,8851.73,8855.66,8816.61,8833.68,8833.68
2021-06-14,8836.93,8851.58,8807.36,8851.17,8851.17
2021-06-11,8823.51,8834.61,8801.38,8832.94,8832.94
2021-06-10,8793.48,8837.4,8776.85,8815.56,8815.56
2021-06-09,8802.27,8809.96,8772.64,8774.31,8774.31
2021-06-08,8803.62,8808.29,8750.8,8790,8790
2021-06-07,8794.15,8800.15,8765.78,8788.28,8788.28
2021-06-04,8745.51,8802.46,8745.51,8795.08,8795.08
2021-06-03,8715.01,8741.9,8666.33,8717.97,8717.97
2021-06-02,8745.59,8767.52,8727.89,8748.3,8748.3
2021-06-01,8764.83,8800.93,8725.54,8734.74,8734.74
2021-05-28,8752.61,8768.36,8737.64,8738.77,8738.77
2021-05-27,8733.18,8756.91,8724.54,8730.97,8730.97
2021-05-26,8710.88,8733.77,8695.34,8720.04,8720.04
2021-05-25,8740.59,8755.98,8692.48,8703.59,8703.59
2021-05-24,8666.12,8747.9,8666.12,8722,8722
2021-05-21,8662.03,8703.83,8627.05,8635.55,8635.55
2021-05-20,8564.79,8670.23,8564.79,8641.98,8641.98
2021-05-19,8515.16,8553.55,8438.48,8550.95,8550.95
2021-05-18,8654.13,8660.5,8572.87,8574.98,8574.98
2021-05-17,8661.33,8665.5,8604.82,8647.57,8647.57
2021-05-14,8577.53,8688.66,8577.53,8669.49,8669.49
2021-05-13,8463.51,8580.91,8463.51,8541.39,8541.39
2021-05-12,8577.42,8586.03,8424.45,8437.24,8437.24
2021-05-11,8617.34,8641.39,8536.75,8620.98,8620.98
2021-05-10,8779.07,8795.78,8696.28,8696.29,8696.29
2021-05-07,8741.6,8799.1,8724.24,8787.82,8787.82
2021-05-06,8654.62,8724.28,8609.61,8722.04,8722.04
2021-05-05,8669.7,8691.72,8636.58,8650.04,8650.04
2021-05-04,8673.77,8673.77,8569.18,8643.91,8643.91
2021-05-03,8700.62,8736.73,8692.57,8702.02,8702.02
2021-04-30,8713.28,8713.28,8665.27,8678.16,8678.16
2021-04-29,8729.28,8755.5,8668.44,8740.35,8740.35
2021-04-28,8685.22,8719.11,8678.87,8681.17,8681.17
2021-04-27,8691.63,8702.16,8667.59,8688.45,8688.45
2021-04-26,8684.88,8703.89,8679.6,8690.26,8690.26
2021-04-23,8588.92,8703.72,8588.92,8674.8,8674.8
2021-04-22,8654.34,8673.18,8557.78,8580.73,8580.73
2021-04-21,8566.42,8662.16,8562.44,8659.8,8659.8
2021-04-20,8630.24,8630.24,8545.61,8579.95,8579.95
2021-04-19,8672.75,8674.64,8611.9,8638.42,8638.42
2021-04-16,8661.01,8696.62,8654.1,8684.51,8684.51
2021-04-15,8589.66,8659.61,8589.66,8653.29,8653.29
2021-04-14,8593.25,8614.22,8550.42,8558.16,8558.16
2021-04-13,8568.41,8605.49,8556.86,8592.25,8592.25
2021-04-12,8557.22,8571.7,8536.71,8564.03,8564.03
2021-04-09,8497.76,8566.46,8497.16,8565.57,8565.57
2021-04-08,8484.88,8501.91,8469.5,8499.85,8499.85
2021-04-07,8450.44,8468.56,8438.03,8462.18,8462.18
2021-04-06,8452.92,8475,8437.58,8449.54,8449.54
2021-04-05,8367.25,8468.81,8367.25,8457.4,8457.4
2021-04-01,8279.75,8337.48,8279.75,8335.91,8335.91
2021-03-31,8226.77,8282.99,8226.49,8238.48,8238.48
2021-03-30,8218.03,8227.48,8178.81,8208.1,8208.1
2021-03-29,8229.55,8255.47,8175.83,8233.24,8233.24
2021-03-26,8121.33,8246.9,8121.33,8240.38,8240.38
2021-03-25,8042.96,8125.98,7990.02,8105.51,8105.51
2021-03-24,8126.82,8172.74,8062.95,8063,8063
2021-03-23,8162.98,8186.75,8088.51,8106.83,8106.83
2021-03-22,8119.17,8199.5,8114.38,8169.14,8169.14
2021-03-19,8112.22,8147.38,8057.74,8112.13,8112.13
2021-03-18,8195.02,8228.18,8106.64,8116.17,8116.17
2021-03-17,8186.47,8257.23,8158.06,8237.35,8237.35
2021-03-16,8236.19,8251.49,8194.41,8213.63,8213.63
2021-03-15,8172.49,8228.38,8132.22,8226.32,8226.32
2021-03-12,8133.9,8176.01,8114.76,8172.9,8172.9
2021-03-11,8113.28,8205.85,8113.28,8162.58,8162.58
2021-03-10,8063.94,8116.45,8051.18,8078.05,8078.05
2021-03-09,7980.49,8087.84,7980.49,8029.2,8029.2
2021-03-08,7964.14,8040.07,7912.34,7916.41,7916.41
2021-03-05,7858.8,7979.17,7727.67,7958.98,7958.98
2021-03-04,7910.12,7961.43,7712.97,7806.45,7806.45
2021-03-03,8002.9,8024.06,7909.86,7911.21,7911.21
2021-03-02,8084.6,8090.06,8012.84,8015.54,8015.54
2021-03-01,7957.96,8107.01,7957.96,8080.78,8080.78
2021-02-26,7951.84,7995.85,7848.05,7892.81,7892.81
2021-02-25,8108.58,8127.41,7897.98,7929.56,7929.56
2021-02-24,8020.3,8134.03,7991.14,8127.38,8127.38
2021-02-23,7985.76,8066.25,7879.38,8036.06,8036.06
2021-02-22,8044.55,8080.47,8022.63,8025.81,8025.81
2021-02-19,8117.6,8136.75,8081.47,8087.68,8087.68
2021-02-18,8106.15,8118.78,8042.5,8102.24,8102.24
2021-02-17,8111.32,8142.49,8074.51,8137.88,8137.88
2021-02-16,8153.69,8175.83,8121.47,8139.16,8139.16
2021-02-12,8094.81,8147.26,8083.61,8142.79,8142.79
2021-02-11,8104.25,8124,8050.71,8104.19,8104.19
2021-02-10,8111.66,8133.31,8037.52,8089.11,8089.11
2021-02-09,8090.18,8106.25,8074.04,8091.7,8091.7
2021-02-08,8051.75,8099.41,8051.75,8099.33,8099.33
2021-02-05,8022.02,8055.57,8015.14,8039.67,8039.67
2021-02-04,7935.06,8008.41,7935.06,8007.62,8007.62
2021-02-03,7941.73,7956.68,7893.06,7920.85,7920.85
2021-02-02,7841.58,7947.56,7841.58,7912.87,7912.87
2021-02-01,7716.04,7825.95,7704.89,7804.31,7804.31
2021-01-29,7812.94,7812.94,7639.4,7681.01,7681.01
2021-01-28,7765.84,7920.18,7765.84,7831.22,7831.22
2021-01-27,7932.67,7932.67,7717.66,7754.74,7754.74
2021-01-26,7986.68,8001.99,7955.36,7959.1,7959.1
2021-01-25,7963.33,7978.91,7850.6,7970.92,7970.92
2021-01-22,7947.95,7964.63,7919.75,7942.2,7942.2
2021-01-21,7975.19,7983.28,7949.7,7966.11,7966.11
2021-01-20,7889.27,7979.26,7889.27,7962.92,7962.92
2021-01-19,7818.26,7864.88,7815.26,7853.47,7853.47
2021-01-15,7832.13,7832.13,7751.66,7789.79,7789.79
2021-01-14,7886.27,7903.98,7840.56,7846.1,7846.1
2021-01-13,7859.01,7897.71,7837.12,7874.75,7874.75
2021-01-12,7857.6,7876.47,7806.15,7856.72,7856.72
2021-01-11,7860.76,7891.07,7831.67,7853.45,7853.45
2021-01-08,7885.36,7909.32,7820.38,7905.28,7905.28
2021-01-07,7780.35,7876.67,7780.35,7861.1,7861.1
2021-01-06,7744.43,7744.43,7744.43,7744.43,7744.43
2021-01-05,7640.77,7722.69,7635.64,7700.34,7700.34
2021-01-04,7777.41,7788.35,7567.08,7645.27,7645.27
2020-12-31,7712.24,7767.17,7699.05,7759.35,7759.35
2020-12-30,7717.67,7735.04,7705.32,7709.1,7709.1
2020-12-29,7745.38,7757.76,7690.22,7697.93,7697.93
2020-12-28,7689.64,7725.74,7689.64,7715.1,7715.1
2020-12-24,7629.75,7649.79,7620.12,7648.39,7648.39
2020-12-23,7627.67,7664.44,7619.82,7620.63,7620.63
2020-12-22,7637.18,7637.48,7591.91,7614.83,7614.83
2020-12-21,7608.11,7646.22,7509.69,7630.07,7630.07
2020-12-18,7686.56,7695.16,7611.18,7659.75,7659.75
2020-12-17,7667.96,7691.2,7662.29,7686.18,7686.18
2020-12-16,7631.65,7662.65,7615.79,7641.82,7641.82
2020-12-15,7570.02,7629.65,7556.01,7628.28,7628.28
2020-12-14,7588.2,7634.3,7530.21,7530.87,7530.87
2020-12-11,7547.24,7567.43,7500.48,7562.46,7562.46
2020-12-10,7553.35,7593.32,7524.94,7571.87,7571.87
2020-12-09,7649.51,7662.45,7555.71,7581.06,7581.06
2020-12-08,7601.8,7654.16,7593.28,7641.43,7641.43
2020-12-07,7625.71,7631.24,7593.11,7620,7620
2020-12-04,7576.61,7634.81,7576.61,7634.77,7634.77
2020-12-03,7570.66,7600.41,7548.24,7567.44,7567.44
2020-12-02,7539.35,7574.03,7521.57,7570.76,7570.76
2020-12-01,7522.3,7589.22,7522.3,7556.51,7556.51
2020-11-30,7497.94,7497.94,7416.46,7472.06,7472.06
2020-11-27,7505.77,7517.66,7486.95,7505.38,7505.38
2020-11-25,7498.76,7498.76,7462.17,7486.68,7486.68
2020-11-24,7413.97,7512.14,7413.97,7498.29,7498.29
2020-11-23,7356.72,7403.7,7327.75,7378.94,7378.94
2020-11-20,7381.65,7385.6,7335.75,7336.76,7336.76
2020-11-19,7340.55,7393.59,7309.2,7386.86,7386.86
2020-11-18,7448.67,7463.07,7356.81,7357.34,7357.34
2020-11-17,7443.64,7469.99,7399.21,7442.04,7442.04
2020-11-16,7421.66,7478.34,7421.66,7476.79,7476.79
2020-11-13,7323.46,7408.11,7323.46,7390.61,7390.61
2020-11-12,7343.57,7356.58,7252.72,7290.69,7290.69
2020-11-11,7343.21,7380.13,7330.44,7362.65,7362.65
2020-11-10,7302.06,7330.83,7237.7,7306.75,7306.75
2020-11-09,7382.81,7511.31,7311.15,7315.77,7315.77
2020-11-06,7228.26,7254.24,7178.81,7230.51,7230.51
2020-11-05,7180.78,7269.9,7180.78,7231.67,7231.67
2020-11-04,7016.15,7179.92,7014.63,7092.3,7092.3
2020-11-03,6871.53,6981.17,6871.53,6939.3,6939.3
2020-11-02,6788.96,6858.65,6755.13,6817.89,6817.89
2020-10-30,6783.49,6806.43,6660.69,6734.84,6734.84
2020-10-29,6748.97,6880.28,6713.58,6816.79,6816.79
2020-10-28,6882.88,6882.88,6731.9,6735.75,6735.75
2020-10-27,7007.8,7020.45,6978.18,6982.14,6982.14
2020-10-26,7086.5,7086.5,6928.88,7003.21,7003.21
2020-10-23,7134.8,7137.66,7084.8,7135.81,7135.81
2020-10-22,7080.3,7125.47,7032.96,7111.17,7111.17
2020-10-21,7082.61,7133.86,7068.59,7073.65,7073.65
2020-10-20,7081.37,7158.67,7073.88,7089.06,7089.06
2020-10-19,7192.99,7210.94,7041.71,7055.58,7055.58
2020-10-16,7192.66,7238.33,7170.73,7172.7,7172.7
2020-10-15,7110.62,7183.39,7084.63,7171.61,7171.61
2020-10-14,7237.56,7263.23,7165.71,7182.38,7182.38
2020-10-13,7275,7275,7206.83,7229.55,7229.55
2020-10-12,7205.03,7307.55,7205.03,7275.43,7275.43
2020-10-09,7121.98,7168.48,7118.69,7157.94,7157.94
2020-10-08,7069.58,7096.1,7056.97,7095.4,7095.4
2020-10-07,6965.12,7050.9,6965.12,7036.89,7036.89
2020-10-06,7014.74,7061.56,6903.47,6916.43,6916.43
2020-10-05,6929.14,7015.99,6929.14,7014.17,7014.17
2020-10-02,6870.09,6932.14,6839.04,6889.6,6889.6
2020-10-01,6966.63,6989.43,6916.53,6956.2,6956.2
2020-09-30,6874.01,6981.61,6872.5,6918.83,6918.83
2020-09-29,6893.74,6908.12,6845.82,6861.96,6861.96
2020-09-28,6857.87,6913.07,6855.9,6894.27,6894.27
2020-09-25,6657.83,6802.14,6642.04,6784.95,6784.95
2020-09-24,6635.98,6744,6602.36,6678.04,6678.04
2020-09-23,6828.92,6835.21,6649.24,6657.82,6657.82
2020-09-22,6778.33,6828.67,6727.32,6819.08,6819.08
2020-09-21,6757.35,6757.35,6641.33,6748.08,6748.08
2020-09-18,6904.68,6913.83,6771.06,6826.72,6826.72
2020-09-17,6882.96,6940.99,6845.9,6903.82,6903.82
2020-09-16,7015.21,7051.51,6960.53,6962.29,6962.29
2020-09-15,7007.77,7031.43,6969.87,6994.33,6994.33
2020-09-14,6916.83,6997.51,6916.83,6957.91,6957.91
2020-09-11,6892.34,6924.81,6805.53,6868.22,6868.22
2020-09-10,7015.06,7041.75,6844.42,6864.23,6864.23
2020-09-09,6926.86,7039.71,6920.95,6986.76,6986.76
2020-09-08,6930.72,6946.92,6843.17,6848.42,6848.42
2020-09-04,7098.38,7150.44,6886.63,7043.62,7043.62
2020-09-03,7326.76,7326.93,7044.82,7101.38,7101.38
2020-09-02,7282.28,7373.35,7265.2,7358.49,7358.49
2020-09-01,7206.9,7249.21,7180.76,7246.37,7246.37
2020-08-31,7211.47,7221.83,7177.81,7192.11,7192.11
2020-08-28,7179.73,7209.56,7158.42,7207.1,7207.1
2020-08-27,7159.38,7192.73,7125.35,7158.18,7158.18
2020-08-26,7086.68,7150.52,7075,7145.77,7145.77
2020-08-25,7057.84,7074.57,7037.16,7073.6,7073.6
2020-08-24,7021.07,7048.82,7010.91,7048.17,7048.17
2020-08-21,6954.39,6982.97,6941,6977.27,6977.27
2020-08-20,6901.52,6963.52,6889.85,6952.92,6952.92
2020-08-19,6967.07,6981.41,6920.37,6930.8,6930.8
2020-08-18,6954.69,6971.02,6920.08,6960.3,6960.3
2020-08-17,6940.89,6954.67,6937.54,6943.22,6943.22
2020-08-14,6915.68,6935.89,6901.28,6924.28,6924.28
2020-08-13,6923.97,6953.27,6904.49,6924.96,6924.96
2020-08-12,6886.36,6952.81,6886.36,6937.44,6937.44
2020-08-11,6915.89,6937.66,6825.8,6840.67,6840.67
2020-08-10,6886.5,6901.1,6845.07,6895.59,6895.59
2020-08-07,6853.6,6879.03,6830.55,6876.65,6876.65
2020-08-06,6817.56,6874.68,6807.27,6870.86,6870.86
2020-08-05,6804.89,6832.09,6804.89,6826.22,6826.22
2020-08-04,6748.58,6783.11,6741.29,6782.6,6782.6
2020-08-03,6745.17,6774.85,6737.72,6758.2,6758.2
2020-07-31,6708.41,6711.95,6606.32,6709.81,6709.81
2020-07-30,6628.36,6667.65,6572.89,6658.02,6658.02
2020-07-29,6617.99,6694.93,6617.99,6682.01,6682.01
2020-07-28,6632.45,6651.76,6595.32,6599.97,6599.97
2020-07-27,6602.76,6647.04,6591.33,6642.89,6642.89
2020-07-24,6600.16,6617.8,6562.16,6594.1,6594.1
2020-07-23,6708.82,6725.83,6608.63,6635.04,6635.04
2020-07-22,6673.92,6724.05,6670.3,6717.29,6717.29
2020-07-21,6701.75,6719.65,6659.26,6678.74,6678.74
2020-07-20,6610.96,6681.34,6592.38,6667.45,6667.45
2020-07-17,6610.79,6629.68,6573.14,6611.86,6611.86
2020-07-16,6577.96,6602.63,6557.93,6592.75,6592.75
2020-07-15,6613.88,6639.09,6562.23,6615.07,6615.07
2020-07-14,6439.77,6562.42,6412.2,6555.4,6555.4
2020-07-13,6570.03,6631.95,6456.91,6467.84,6467.84
2020-07-10,6462.2,6532.45,6429,6528.96,6528.96
2020-07-09,6510.74,6518.14,6387.14,6461.31,6461.31
2020-07-08,6461.56,6499.78,6427.68,6496.14,6496.14
2020-07-07,6488.87,6525.06,6441.37,6445.59,6445.59
2020-07-06,6465.99,6519.42,6465.99,6516.05,6516.05
2020-07-02,6442.08,6487.36,6402.9,6414.16,6414.16
2020-07-01,6363.41,6409.19,6353.66,6383.76,6383.76
2020-06-30,6249.07,6374.34,6245.77,6351.67,6351.67
2020-06-29,6183.81,6255.38,6145.2,6254.78,6254.78
2020-06-26,6294.89,6295.83,6155.32,6163.5,6163.5
2020-06-25,6240.35,6321.05,6194.08,6316.45,6316.45
2020-06-24,6378.88,6379.72,6210.55,6247.66,6247.66
2020-06-23,6428.62,6461.52,6405.06,6413.44,6413.44
2020-06-22,6337.9,6392.14,6307.12,6385.91,6385.91
2020-06-19,6431.83,6460.76,6314.75,6344.7,6344.7
2020-06-18,6351.5,6389.08,6334.84,6379.56,6379.56
2020-06-17,6421.9,6432.06,6364.36,6375.54,6375.54
2020-06-16,6411.39,6456.98,6301.28,6398.58,6398.58
2020-06-15,6130.27,6306.22,6073.52,6279.4,6279.4
2020-06-12,6288.27,6323.53,6111.71,6227.42,6227.42
2020-06-11,6393.85,6393.85,6141.39,6145.3,6145.3
2020-06-10,6577.08,6596.98,6512.07,6529.42,6529.42
2020-06-09,6576.83,6596.03,6535.54,6564.27,6564.27
2020-06-08,6548.95,6615.55,6541.09,6615.4,6615.4
2020-06-05,6475.01,6572.61,6475.01,6536.58,6536.58
2020-06-04,6367.92,6403.37,6324.65,6369.54,6369.54
2020-06-03,6340.63,6406.18,6340.63,6389.67,6389.67
2020-06-02,6270.18,6303.14,6243.41,6303,6303
2020-06-01,6216.8,6264.66,6202.37,6251.48,6251.48
2020-05-29,6188.67,6237.49,6134.34,6227.81,6227.81
2020-05-28,6231.52,6276.6,6184.06,6197.02,6197.02
2020-05-27,6167.5,6209.63,6073.62,6209.38,6209.38
2020-05-26,6143.73,6179.26,6111.39,6118.54,6118.54
2020-05-22,6029.02,6046.83,5999.56,6044.16,6044.16
2020-05-21,6072.78,6090.21,6008.7,6028.93,6028.93
2020-05-20,6039,6093.5,6039,6075.76,6075.76
2020-05-19,6027.58,6059.52,5973.95,5975.15,5975.15
2020-05-18,5956.05,6066.75,5956.05,6037.9,6037.9
2020-05-15,5783.88,5855.53,5757.16,5852.84,5852.84
2020-05-14,5710.9,5829.71,5654.23,5829.33,5829.33
2020-05-13,5855.4,5871.93,5707.06,5761.7,5761.7
2020-05-12,6005.42,6018.26,5863.64,5863.68,5863.68
2020-05-11,5955.3,6014.08,5930.79,5985.66,5985.66
2020-05-08,5941.7,5989.36,5929.74,5984.55,5984.55
2020-05-07,5878.15,5926.28,5874.72,5884.14,5884.14
2020-05-06,5886.04,5902.31,5813.6,5815.17,5815.17
2020-05-05,5856.48,5916.31,5845.98,5855.58,5855.58
2020-05-04,5746.52,5806.19,5711.56,5803.12,5803.12
2020-05-01,5856.87,5856.87,5760.09,5778.53,5778.53
2020-04-30,5982.4,5982.4,5904.07,5944.68,5944.68
2020-04-29,5956.78,6031.08,5943.98,5999.74,5999.74
2020-04-28,5939.22,5961.25,5838.71,5844.18,5844.18
2020-04-27,5826.3,5893.78,5822.81,5874.94,5874.94
2020-04-24,5740.46,5801.03,5697.88,5789.65,5789.65
2020-04-23,5735.79,5805.96,5703.04,5710.04,5710.04
2020-04-22,5689.34,5742.24,5665.2,5712.65,5712.65
2020-04-21,5682.88,5684.2,5565.13,5584.44,5584.44
2020-04-20,5806.83,5854.32,5755.55,5761,5761
2020-04-17,5800.32,5875.29,5776.76,5865.9,5865.9
2020-04-16,5712.16,5726.79,5640.71,5712.6,5712.6
2020-04-15,5704.59,5716.83,5635.33,5679.53,5679.53
2020-04-14,5723.54,5818.91,5723.54,5807.1,5807.1
2020-04-13,5676.64,5676.64,5551.75,5634.15,5634.15
2020-04-09,5665.38,5750.09,5635.76,5691.54,5691.54
2020-04-08,5477.04,5630.93,5432.83,5609.55,5609.55
2020-04-07,5585.12,5619.67,5420.98,5423.52,5423.52
2020-04-06,5258,5458.89,5251.12,5432.17,5432.17
2020-04-03,5128.72,5175.91,5017.12,5075.16,5075.16
2020-04-02,5013.08,5165.25,5007.49,5152.47,5152.47
2020-04-01,5092.85,5143.14,4989.73,5036.64,5036.64
2020-03-31,5330.56,5384.49,5241.81,5269.2,5269.2
2020-03-30,5216.48,5364.43,5188.56,5354.39,5354.39
2020-03-27,5209.27,5331.64,5136.56,5179.92,5179.92
2020-03-26,5098.02,5374.26,5097.61,5360.49,5360.49
2020-03-25,5009.1,5240.72,4906.7,5045.35,5045.35
2020-03-24,4778.12,4992.57,4778.12,4987.8,4987.8
2020-03-23,4668.16,4688.56,4466.72,4559.5,4559.5
2020-03-20,4955.9,4998.66,4678.65,4697.09,4697.09
2020-03-19,4876.73,5026.33,4727.02,4909.13,4909.13
2020-03-18,4964.01,4998.63,4646.56,4885.78,4885.78
2020-03-17,4941.9,5203.15,4822.7,5152.83,5152.83
2020-03-16,5110.69,5221.49,4850.64,4861.22,4861.22
2020-03-13,5235.63,5522.89,5077.69,5522.85,5522.85
2020-03-12,5357.82,5417.62,5049.06,5051.97,5051.97
2020-03-11,5753.21,5753.21,5512.87,5581.76,5581.76
2020-03-10,5728.15,5868.12,5566.34,5868.11,5868.11
2020-03-09,5830.58,5830.58,5567.82,5591.74,5591.74
2020-03-06,6013.8,6078.39,5906.62,6050.8,6050.8
2020-03-05,6260.91,6275.08,6106.71,6155.58,6155.58
2020-03-04,6198.66,6371.85,6175.66,6370.35,6370.35
2020-03-03,6301.52,6383.33,6057.83,6112.07,6112.07
2020-03-02,6052.69,6289.28,5993.85,6288.64,6288.64
2020-02-28,5935.79,6022.82,5811.55,6011.73,6011.73
2020-02-27,6231.1,6301.14,6059.73,6060.67,6060.67
2020-02-26,6387.21,6473.67,6324.42,6339.38,6339.38
2020-02-25,6588.63,6604.37,6344.18,6363.37,6363.37
2020-02-24,6626.46,6630.77,6539.51,6561.94,6561.94
2020-02-21,6834.88,6835.05,6769.93,6788.6,6788.6
2020-02-20,6875.21,6892.91,6795.02,6860.52,6860.52
2020-02-19,6874.75,6901.42,6871.58,6886.47,6886.47
2020-02-18,6850.51,6862.64,6823.25,6853.04,6853.04
2020-02-14,6868.46,6873.65,6844.51,6872.68,6872.68
2020-02-13,6842.58,6881.31,6831.77,6858.92,6858.92
2020-02-12,6849.73,6871.93,6848.3,6867.92,6867.92
2020-02-11,6840.1,6859.81,6813.45,6823.59,6823.59
2020-02-10,6743.13,6811.98,6742.09,6811.83,6811.83
2020-02-07,6777.17,6788.8,6749.97,6761.26,6761.26
2020-02-06,6794.89,6800.99,6773.51,6796.64,6796.64
2020-02-05,6753.11,6778.82,6730.53,6772.98,6772.98
2020-02-04,6663,6716.39,6663,6697.49,6697.49
2020-02-03,6571.68,6638.02,6571.68,6598.63,6598.63
2020-01-31,6666.38,6666.38,6529.57,6551,6551
2020-01-30,6613.27,6673.09,6585.79,6668.52,6668.52
2020-01-29,6679.29,6687.44,6643.84,6646.69,6646.69
2020-01-28,6609.89,6671.65,6605.81,6652.3,6652.3
2020-01-27,6593.11,6616.64,6568.37,6585.95,6585.95
2020-01-24,6767.61,6767.7,6662.93,6691.22,6691.22
2020-01-23,6732.24,6754.53,6704.12,6752.09,6752.09
2020-01-22,6760.69,6776.35,6740.43,6743.9,6743.9
2020-01-21,6742.18,6759.97,6733.31,6741.71,6741.71
2020-01-17,6747.4,6759.9,6737.68,6759.51,6759.51
2020-01-16,6705.27,6733.79,6705.27,6733.35,6733.35
2020-01-15,6662.99,6696.27,6660.18,6677.25,6677.25
2020-01-14,6669.12,6687.15,6652.7,6664.66,6664.66
2020-01-13,6639.63,6674.14,6634.28,6674.13,6674.13
2020-01-10,6661.28,6663.68,6618.81,6627.87,6627.87
2020-01-09,6629.23,6648.57,6624.65,6646.84,6646.84
2020-01-08,6571.82,6629.61,6568.16,6601.15,6601.15
2020-01-07,6578.23,6584.36,6559.19,6568.74,6568.74
2020-01-06,6528.24,6587.31,6522.34,6586.54,6586.54
2020-01-03,6546.09,6586.25,6538.17,6563.32,6563.32
2020-01-02,6582.55,6609.67,6564.02,6609.29,6609.29
